-- phpMyAdmin SQL Dump
-- version 5.2.0
-- https://www.phpmyadmin.net/
--
-- Host: 127.0.0.1
-- Generation Time: Aug 24, 2023 at 01:41 PM
-- Server version: 10.4.27-MariaDB
-- PHP Version: 8.2.0

SET SQL_MODE = "NO_AUTO_VALUE_ON_ZERO";
START TRANSACTION;
SET time_zone = "+00:00";


/*!40101 SET @OLD_CHARACTER_SET_CLIENT=@@CHARACTER_SET_CLIENT */;
/*!40101 SET @OLD_CHARACTER_SET_RESULTS=@@CHARACTER_SET_RESULTS */;
/*!40101 SET @OLD_COLLATION_CONNECTION=@@COLLATION_CONNECTION */;
/*!40101 SET NAMES utf8mb4 */;

--
-- Database: `mo_search`
--

-- --------------------------------------------------------

--
-- Table structure for table `countries`
--

CREATE TABLE `countries` (
  `id` bigint(20) UNSIGNED NOT NULL,
  `country_name` varchar(255) NOT NULL,
  `region` varchar(255) NOT NULL,
  `currency` varchar(255) NOT NULL,
  `country_code` varchar(255) NOT NULL,
  `created_at` timestamp NULL DEFAULT NULL,
  `updated_at` timestamp NULL DEFAULT NULL
) ENGINE=InnoDB DEFAULT CHARSET=utf8mb4 COLLATE=utf8mb4_unicode_ci;

--
-- Dumping data for table `countries`
--

INSERT INTO `countries` (`id`, `country_name`, `region`, `currency`, `country_code`, `created_at`, `updated_at`) VALUES
(1, 'Afghanistan', 'Asia', 'AFN', 'AF', '0000-00-00 00:00:00', '0000-00-00 00:00:00'),
(2, 'Algeria', 'Africa', 'DZD', 'DZ', '0000-00-00 00:00:00', '0000-00-00 00:00:00'),
(3, 'Angola', 'Africa', 'AOA', 'AO', '0000-00-00 00:00:00', '0000-00-00 00:00:00'),
(4, 'Argentina', 'South America', 'ARS', 'AR', '0000-00-00 00:00:00', '0000-00-00 00:00:00'),
(5, 'Australia', 'Oceania', 'AUD', 'AU', '0000-00-00 00:00:00', '0000-00-00 00:00:00'),
(6, 'Bahrain', 'Asia', 'BHD', 'BH', '0000-00-00 00:00:00', '0000-00-00 00:00:00'),
(7, 'Bangladesh', 'Asia', 'BDT', 'BD', '0000-00-00 00:00:00', '0000-00-00 00:00:00'),
(8, 'Belgium', 'Europ', 'EUR', 'BE', '0000-00-00 00:00:00', '0000-00-00 00:00:00'),
(9, 'Benin', 'Africa', 'XOF', 'BJ', '0000-00-00 00:00:00', '0000-00-00 00:00:00'),
(10, 'Bolivia', 'South America', 'BOB', 'BO', '0000-00-00 00:00:00', '0000-00-00 00:00:00'),
(11, 'Botswana', 'Africa', 'BWP', 'BW', '0000-00-00 00:00:00', '0000-00-00 00:00:00'),
(12, 'Brazil', 'South America', 'BRL', 'BR', '0000-00-00 00:00:00', '0000-00-00 00:00:00'),
(13, 'Brunei', 'Oceania', 'BND', 'BN', '0000-00-00 00:00:00', '0000-00-00 00:00:00'),
(14, 'Burkina Faso', 'Africa', 'XOF', 'BF', '0000-00-00 00:00:00', '0000-00-00 00:00:00'),
(15, 'Cameroon', 'Africa', 'XAF', 'CM', '0000-00-00 00:00:00', '0000-00-00 00:00:00'),
(16, 'Canada', 'North America', 'CAD', 'CA', '0000-00-00 00:00:00', '0000-00-00 00:00:00'),
(17, 'Chad', 'Africa', 'XAF', 'TD', '0000-00-00 00:00:00', '0000-00-00 00:00:00'),
(18, 'Chile', 'South America', 'CLP', 'CL', '0000-00-00 00:00:00', '0000-00-00 00:00:00'),
(19, 'China', 'Asia', 'CNY', 'CN', '0000-00-00 00:00:00', '0000-00-00 00:00:00'),
(20, 'Colombia', 'South America', 'COP', 'CO', '0000-00-00 00:00:00', '0000-00-00 00:00:00'),
(21, 'Cook Islands', 'Oceania', 'COK', 'CK', '0000-00-00 00:00:00', '0000-00-00 00:00:00'),
(22, 'Democratic Republic of the Congo', 'Africa', 'CDF', 'CD', '0000-00-00 00:00:00', '0000-00-00 00:00:00'),
(23, 'Ecuador', 'South America', 'USD', 'EC', '0000-00-00 00:00:00', '0000-00-00 00:00:00'),
(24, 'Egypt', 'Africa', 'EGP', 'EG', '0000-00-00 00:00:00', '0000-00-00 00:00:00'),
(25, 'Eswatini', 'Africa', 'SWZ', 'SZ', '0000-00-00 00:00:00', '0000-00-00 00:00:00'),
(26, 'Fiji', 'Oceania', 'FJD', 'FJ', '0000-00-00 00:00:00', '0000-00-00 00:00:00'),
(27, 'France', 'Europ', 'EUR', 'FR', '0000-00-00 00:00:00', '0000-00-00 00:00:00'),
(28, 'Germany', 'Europ', 'EUR', 'DE', '0000-00-00 00:00:00', '0000-00-00 00:00:00'),
(29, 'Ghana', 'Africa', 'GHS', 'GH', '0000-00-00 00:00:00', '0000-00-00 00:00:00'),
(30, 'Guinea', 'Africa', 'GNF', 'GN', '0000-00-00 00:00:00', '0000-00-00 00:00:00'),
(31, 'Guinea-Bissau', 'Africa', 'XOF', 'GW', '0000-00-00 00:00:00', '0000-00-00 00:00:00'),
(32, 'India', 'Asia', 'INR', 'IN', '0000-00-00 00:00:00', '0000-00-00 00:00:00'),
(33, 'Indonesia', 'Asia', 'IDR', 'ID', '0000-00-00 00:00:00', '0000-00-00 00:00:00'),
(34, 'Iran', 'Asia', 'IRR', 'IR', '0000-00-00 00:00:00', '0000-00-00 00:00:00'),
(35, 'Italy', 'Europ', 'EUR', 'IT', '0000-00-00 00:00:00', '0000-00-00 00:00:00'),
(36, 'Ivory Coast', 'Africa', 'XOF', 'CI', '0000-00-00 00:00:00', '0000-00-00 00:00:00'),
(37, 'Japan', 'Asia', 'JPY', 'JP', '0000-00-00 00:00:00', '0000-00-00 00:00:00'),
(38, 'Kenya', 'Africa', 'KES', 'KE', '0000-00-00 00:00:00', '0000-00-00 00:00:00'),
(39, 'Kuwait', 'Asia', 'KWD', 'KW', '0000-00-00 00:00:00', '0000-00-00 00:00:00'),
(40, 'Lebanon', 'Africa', 'LBP', 'LB', '0000-00-00 00:00:00', '0000-00-00 00:00:00'),
(41, 'Liberia', 'Africa', 'LBR', 'LR', '0000-00-00 00:00:00', '0000-00-00 00:00:00'),
(42, 'Madagascar', 'Africa', 'MGA', 'MG', '0000-00-00 00:00:00', '0000-00-00 00:00:00'),
(43, 'Malawi', 'Africa', 'MWK', 'MW', '0000-00-00 00:00:00', '0000-00-00 00:00:00'),
(44, 'Malaysia', 'Asia', 'MYR', 'MY', '0000-00-00 00:00:00', '0000-00-00 00:00:00'),
(45, 'Mali', 'Africa', 'XOF', 'ML', '0000-00-00 00:00:00', '0000-00-00 00:00:00'),
(46, 'Mauritania', 'Africa', 'MRU', 'MR', '0000-00-00 00:00:00', '0000-00-00 00:00:00'),
(47, 'Mexico', 'North America', 'MXN', 'MX', '0000-00-00 00:00:00', '0000-00-00 00:00:00'),
(48, 'Myanmar', 'Asia', 'MMK', 'MM', '0000-00-00 00:00:00', '0000-00-00 00:00:00'),
(49, 'Namibia', 'Africa', 'NAM', 'NA', '0000-00-00 00:00:00', '0000-00-00 00:00:00'),
(50, 'Nauru', 'Oceania', 'AUD', 'NR', '0000-00-00 00:00:00', '0000-00-00 00:00:00'),
(51, 'Nepal', 'Asia', 'NPR', 'NP', '0000-00-00 00:00:00', '0000-00-00 00:00:00'),
(52, 'New Zealand', 'Oceania', 'NZD', 'NZ', '0000-00-00 00:00:00', '0000-00-00 00:00:00'),
(53, 'Nigeria', 'Africa', 'NGN', 'NG', '0000-00-00 00:00:00', '0000-00-00 00:00:00'),
(54, 'Oman', 'Asia', 'OMR', 'OM', '0000-00-00 00:00:00', '0000-00-00 00:00:00'),
(55, 'Pakistan', 'Asia', 'PKR', 'PK', '0000-00-00 00:00:00', '0000-00-00 00:00:00'),
(56, 'Papua New Guinea', 'Oceania', 'PGK', 'PG', '0000-00-00 00:00:00', '0000-00-00 00:00:00'),
(57, 'Paraguay', 'South America', 'PYG', 'PY', '0000-00-00 00:00:00', '0000-00-00 00:00:00'),
(58, 'Peru', 'South America', 'PEN', 'PE', '0000-00-00 00:00:00', '0000-00-00 00:00:00'),
(59, 'Philippines', 'Asia', 'PHP', 'PH', '0000-00-00 00:00:00', '0000-00-00 00:00:00'),
(60, 'Qatar', 'Asia', 'QAR', 'QA', '0000-00-00 00:00:00', '0000-00-00 00:00:00'),
(61, 'Rwanda', 'Africa', 'RWF', 'RW', '0000-00-00 00:00:00', '0000-00-00 00:00:00'),
(62, 'Samoa', 'Oceania', 'WST', 'WS', '0000-00-00 00:00:00', '0000-00-00 00:00:00'),
(63, 'Saudi Arabia', 'Asia', 'SAR', 'SA', '0000-00-00 00:00:00', '0000-00-00 00:00:00'),
(64, 'Senegal', 'Africa', 'XOF', 'SN', '0000-00-00 00:00:00', '0000-00-00 00:00:00'),
(65, 'Singapore', 'Asia', 'SGD', 'SG', '0000-00-00 00:00:00', '0000-00-00 00:00:00'),
(66, 'Solomon Islands', 'Oceania', 'SBD', 'SB', '0000-00-00 00:00:00', '0000-00-00 00:00:00'),
(67, 'South Africa', 'Africa', 'ZAR', 'ZA', '0000-00-00 00:00:00', '0000-00-00 00:00:00'),
(68, 'South Korea', 'Asia', 'KRW', 'KR', '0000-00-00 00:00:00', '0000-00-00 00:00:00'),
(69, 'Spain', 'Europ', 'EUR', 'ES', '0000-00-00 00:00:00', '0000-00-00 00:00:00'),
(70, 'Sri Lanka', 'Asia', 'LKR', 'LK', '0000-00-00 00:00:00', '0000-00-00 00:00:00'),
(71, 'Sudan', 'Africa', 'SDG', 'SD', '0000-00-00 00:00:00', '0000-00-00 00:00:00'),
(72, 'Switzerland', 'Europ', 'CHF', 'CH', '0000-00-00 00:00:00', '0000-00-00 00:00:00'),
(73, 'Syria', 'Africa', 'SYP', 'SY', '0000-00-00 00:00:00', '0000-00-00 00:00:00'),
(74, 'Tanzania', 'Africa', 'TZS', 'TZ', '0000-00-00 00:00:00', '0000-00-00 00:00:00'),
(75, 'Thailand', 'Asia', 'THB', 'TH', '0000-00-00 00:00:00', '0000-00-00 00:00:00'),
(76, 'Togo', 'Africa', 'XOF', 'TG', '0000-00-00 00:00:00', '0000-00-00 00:00:00'),
(77, 'Tonga', 'Oceania', 'TOP', 'TO', '0000-00-00 00:00:00', '0000-00-00 00:00:00'),
(78, 'Tuvalu', 'Oceania', 'AUD', 'TV', '0000-00-00 00:00:00', '0000-00-00 00:00:00'),
(79, 'United Arab Emirates', 'Asia', 'AED', 'AE', '0000-00-00 00:00:00', '0000-00-00 00:00:00'),
(80, 'Uganda', 'Africa', 'UGX', 'UG', '0000-00-00 00:00:00', '0000-00-00 00:00:00'),
(81, 'United Kingdom', 'Europ', 'GBP', 'GB', '0000-00-00 00:00:00', '0000-00-00 00:00:00'),
(82, 'United States', 'North America', 'USD', 'US', '0000-00-00 00:00:00', '0000-00-00 00:00:00'),
(83, 'Uruguay', 'South America', 'UYU', 'UY', '0000-00-00 00:00:00', '0000-00-00 00:00:00'),
(84, 'Vanuatu', 'Oceania', 'VUV', 'VU', '0000-00-00 00:00:00', '0000-00-00 00:00:00'),
(85, 'Venezuela', 'South America', 'VED', 'VE', '0000-00-00 00:00:00', '0000-00-00 00:00:00'),
(86, 'Vietnam', 'Asia', 'VND', 'VN', '0000-00-00 00:00:00', '0000-00-00 00:00:00'),
(87, 'Zambia', 'Africa', 'ZMW', 'ZM', '0000-00-00 00:00:00', '0000-00-00 00:00:00'),
(88, 'Zimbabwe', 'Africa', 'ZWE', 'ZW', '0000-00-00 00:00:00', '0000-00-00 00:00:00');

-- --------------------------------------------------------

--
-- Table structure for table `failed_jobs`
--

CREATE TABLE `failed_jobs` (
  `id` bigint(20) UNSIGNED NOT NULL,
  `uuid` varchar(255) NOT NULL,
  `connection` text NOT NULL,
  `queue` text NOT NULL,
  `payload` longtext NOT NULL,
  `exception` longtext NOT NULL,
  `failed_at` timestamp NOT NULL DEFAULT current_timestamp()
) ENGINE=InnoDB DEFAULT CHARSET=utf8mb4 COLLATE=utf8mb4_unicode_ci;

-- --------------------------------------------------------

--
-- Table structure for table `migrations`
--

CREATE TABLE `migrations` (
  `id` int(10) UNSIGNED NOT NULL,
  `migration` varchar(255) NOT NULL,
  `batch` int(11) NOT NULL
) ENGINE=InnoDB DEFAULT CHARSET=utf8mb4 COLLATE=utf8mb4_unicode_ci;

--
-- Dumping data for table `migrations`
--

INSERT INTO `migrations` (`id`, `migration`, `batch`) VALUES
(1, '2014_10_12_000000_create_users_table', 1),
(2, '2014_10_12_100000_create_password_reset_tokens_table', 1),
(3, '2014_10_12_200000_add_two_factor_columns_to_users_table', 1),
(4, '2019_08_19_000000_create_failed_jobs_table', 1),
(5, '2019_12_14_000001_create_personal_access_tokens_table', 1),
(6, '2023_08_17_064719_create_countries_table', 1),
(7, '2023_08_17_070201_create_operators_table', 1),
(8, '2023_08_18_060644_create_sessions_table', 1);

-- --------------------------------------------------------

--
-- Table structure for table `operators`
--

CREATE TABLE `operators` (
  `id` bigint(20) UNSIGNED NOT NULL,
  `operator_name` varchar(255) NOT NULL,
  `country_id` bigint(20) UNSIGNED DEFAULT NULL,
  `domestic_call` double(8,4) DEFAULT NULL,
  `domestic_sms` double(8,4) DEFAULT NULL,
  `domestic_internet` double(8,4) DEFAULT NULL,
  `international_call` double(8,4) DEFAULT NULL,
  `international_sms` double(8,4) DEFAULT NULL,
  `international_internet` double(8,4) DEFAULT NULL,
  `created_at` timestamp NULL DEFAULT NULL,
  `updated_at` timestamp NULL DEFAULT NULL
) ENGINE=InnoDB DEFAULT CHARSET=utf8mb4 COLLATE=utf8mb4_unicode_ci;

--
-- Dumping data for table `operators`
--

INSERT INTO `operators` (`id`, `operator_name`, `country_id`, `domestic_call`, `domestic_sms`, `domestic_internet`, `international_call`, `international_sms`, `international_internet`, `created_at`, `updated_at`) VALUES
(1, 'Roshan', 1, 0.2240, 0.1179, 0.8920, 0.2800, 0.1372, 0.9020, '0000-00-00 00:00:00', '0000-00-00 00:00:00'),
(2, 'Etisalat Afghanistan', 1, 0.2240, 0.0911, 0.8920, 0.2800, 0.0941, 0.9020, '0000-00-00 00:00:00', '0000-00-00 00:00:00'),
(3, 'Afghan Wireless', 1, 0.2240, 0.1126, 0.8920, 0.2800, 0.1233, 0.9020, '0000-00-00 00:00:00', '0000-00-00 00:00:00'),
(4, 'Djezzy', 2, 0.0720, 0.0918, 0.4660, 0.0900, 0.0948, 0.4760, '0000-00-00 00:00:00', '2023-08-24 05:30:04'),
(5, 'Mobilis', 2, 0.5600, 0.1044, 0.4660, 0.7000, 0.1226, 0.4760, '0000-00-00 00:00:00', '2023-08-24 05:29:54'),
(6, 'Ooredoo Algeria', 2, 0.7920, 0.0745, 0.4660, 0.9900, 0.0942, 0.4760, '0000-00-00 00:00:00', '0000-00-00 00:00:00'),
(7, 'Unitel (Angola)', 3, 0.2400, 0.0201, 2.3170, 0.3000, 0.0231, 2.3270, '0000-00-00 00:00:00', '0000-00-00 00:00:00'),
(8, 'Movicel (Angola)', 3, 0.2400, 0.0201, 2.3170, 0.3000, 0.0231, 2.3270, '0000-00-00 00:00:00', '0000-00-00 00:00:00'),
(9, 'Claro (America Movil)', 4, 0.2400, 0.0283, 1.4720, 0.3000, 0.0404, 1.4820, '0000-00-00 00:00:00', '0000-00-00 00:00:00'),
(10, 'Personal (Telecom Argentina)', 4, 0.2400, 0.0353, 1.4720, 0.3000, 0.1046, 1.4820, '0000-00-00 00:00:00', '0000-00-00 00:00:00'),
(11, 'Movistar', 4, 0.2400, 0.0366, 1.4720, 0.3000, 0.0455, 1.4820, '0000-00-00 00:00:00', '2023-08-24 05:37:29'),
(12, 'Telstra', 5, 0.0320, 0.0245, 0.5570, 0.0400, 0.0275, 0.5670, '0000-00-00 00:00:00', '0000-00-00 00:00:00'),
(13, 'Optus', 5, 0.0320, 0.0245, 0.5570, 0.0400, 0.0275, 0.5670, '0000-00-00 00:00:00', '0000-00-00 00:00:00'),
(14, 'Vodafone Australia', 5, 0.0320, 0.0245, 0.5570, 0.0400, 0.0275, 0.5670, '0000-00-00 00:00:00', '0000-00-00 00:00:00'),
(15, 'STC Bahrain', 6, 0.0960, 0.0257, 1.1570, 0.1200, 0.0287, 1.1670, '0000-00-00 00:00:00', '0000-00-00 00:00:00'),
(16, 'Zain', 6, 0.0960, 0.0257, 1.1570, 0.1200, 0.0287, 1.1670, '0000-00-00 00:00:00', '0000-00-00 00:00:00'),
(17, 'Grameenphone', 7, 0.0320, 0.0120, 0.3140, 0.0600, 0.1066, 0.3240, '0000-00-00 00:00:00', '0000-00-00 00:00:00'),
(18, 'Robi', 7, 0.0320, 0.0120, 0.3140, 0.0600, 0.1152, 0.3240, '0000-00-00 00:00:00', '0000-00-00 00:00:00'),
(19, 'Banglalink', 7, 0.0320, 0.0120, 0.3140, 0.0600, 0.1276, 0.3240, '0000-00-00 00:00:00', '0000-00-00 00:00:00'),
(20, 'Teletalk', 7, 0.0320, 0.0120, 0.3140, 0.0600, 0.1164, 0.3240, '0000-00-00 00:00:00', '0000-00-00 00:00:00'),
(21, 'Proximus', 8, 0.0200, 0.0128, 2.9930, 0.0250, 0.0168, 3.0030, '0000-00-00 00:00:00', '0000-00-00 00:00:00'),
(22, 'Mobistar (Orange Belgium)', 8, 0.0300, 0.0248, 2.9930, 0.0370, 0.0278, 3.0030, '0000-00-00 00:00:00', '0000-00-00 00:00:00'),
(23, 'BASE (Telenet)', 8, 0.0300, 0.0128, 2.9930, 0.0370, 0.0174, 3.0030, '0000-00-00 00:00:00', '0000-00-00 00:00:00'),
(24, 'Moov', 9, 0.2240, 0.0247, 2.2600, 0.2800, 0.0948, 2.2700, '0000-00-00 00:00:00', '2023-08-24 05:37:24'),
(25, 'MTN Benin', 9, 0.2240, 0.0250, 2.2600, 0.2800, 0.0295, 2.2700, '0000-00-00 00:00:00', '0000-00-00 00:00:00'),
(26, 'Entel', 10, 0.1600, 0.0844, 2.2220, 0.2000, 0.0720, 2.2320, '0000-00-00 00:00:00', '0000-00-00 00:00:00'),
(27, 'Tigo (Millicom)', 10, 0.1600, 0.0794, 2.2220, 0.2000, 0.0824, 2.2320, '0000-00-00 00:00:00', '0000-00-00 00:00:00'),
(28, 'VIVA', 10, 0.1600, 0.0690, 2.2220, 0.2000, 0.0720, 2.2320, '0000-00-00 00:00:00', '2023-08-24 05:37:20'),
(29, 'Mascom Wireless', 11, 0.2080, 0.0208, 15.5400, 0.2600, 0.0816, 15.5500, '0000-00-00 00:00:00', '2023-08-24 05:37:16'),
(30, 'Orange Botswana', 11, 0.2080, 0.0283, 15.5400, 0.2600, 0.0313, 15.5500, '0000-00-00 00:00:00', '0000-00-00 00:00:00'),
(31, 'BTC Mobile (now beMobile)', 11, 0.2080, 0.0193, 15.5400, 0.2600, 0.0223, 15.5500, '0000-00-00 00:00:00', '0000-00-00 00:00:00'),
(32, 'Vivo', 12, 0.0240, 0.0168, 0.7320, 0.0300, 0.0205, 0.7420, '0000-00-00 00:00:00', '2023-08-24 05:30:32'),
(33, 'Claro', 12, 0.0240, 0.0167, 0.7320, 0.0300, 0.0205, 0.7420, '0000-00-00 00:00:00', '2023-08-24 05:37:06'),
(34, 'TIM Brasil', 12, 0.0240, 0.0169, 0.7320, 0.0300, 0.0205, 0.7420, '0000-00-00 00:00:00', '0000-00-00 00:00:00'),
(35, 'Oi', 12, 0.0240, 0.0166, 0.7320, 0.0300, 0.0205, 0.7420, '0000-00-00 00:00:00', '0000-00-00 00:00:00'),
(36, 'Telekom Brunei', 13, 0.0320, 0.0365, 1.6900, 0.0400, 0.0365, 1.7000, '0000-00-00 00:00:00', '0000-00-00 00:00:00'),
(37, 'DST Communications (DSTCom)', 13, 0.0320, 0.0452, 1.6900, 0.0400, 0.0155, 1.7000, '0000-00-00 00:00:00', '0000-00-00 00:00:00'),
(38, 'Telmob', 14, 0.2960, 0.0617, 3.8160, 0.3700, 0.0647, 3.8260, '0000-00-00 00:00:00', '2023-08-24 05:37:10'),
(39, 'Airtel Burkina Faso', 14, 0.2960, 0.0438, 3.8160, 0.3700, 0.0468, 3.8260, '0000-00-00 00:00:00', '0000-00-00 00:00:00'),
(40, 'Orange Burkina Faso', 14, 0.2960, 0.0306, 3.8160, 0.3700, 0.0336, 3.8260, '0000-00-00 00:00:00', '0000-00-00 00:00:00'),
(41, 'MTN Cameroon', 15, 0.3120, 0.0456, 1.5200, 0.3900, 0.0619, 1.5300, '0000-00-00 00:00:00', '0000-00-00 00:00:00'),
(42, 'Orange Cameroon', 15, 0.2320, 0.0344, 1.5200, 0.2900, 0.0621, 1.5300, '0000-00-00 00:00:00', '0000-00-00 00:00:00'),
(43, 'Nexttel Cameroon', 15, 0.3120, 0.0299, 1.5200, 0.3900, 0.0329, 1.5300, '0000-00-00 00:00:00', '0000-00-00 00:00:00'),
(44, 'Rogers Wireless', 16, 0.1040, 0.0236, 5.9340, 0.1300, 0.0266, 5.9440, '0000-00-00 00:00:00', '0000-00-00 00:00:00'),
(45, 'Bell Mobility', 16, 0.1040, 0.0258, 5.9340, 0.1300, 0.0288, 5.9440, '0000-00-00 00:00:00', '0000-00-00 00:00:00'),
(46, 'Telus Mobility', 16, 0.1040, 0.0204, 5.9340, 0.1300, 0.0234, 5.9440, '0000-00-00 00:00:00', '0000-00-00 00:00:00'),
(47, 'Freedom Mobile', 16, 0.1040, 0.0204, 5.9340, 0.1300, 0.0234, 5.9440, '0000-00-00 00:00:00', '0000-00-00 00:00:00'),
(48, 'Airtel Chad', 17, 0.6400, 0.0953, 5.0920, 0.8000, 0.0983, 5.1020, '0000-00-00 00:00:00', '0000-00-00 00:00:00'),
(49, 'Tigo Chad', 17, 0.6400, 0.0574, 5.0920, 0.8000, 0.0604, 5.1020, '0000-00-00 00:00:00', '2023-08-24 05:36:59'),
(50, 'Claro', 18, 0.7200, 0.0180, 0.4960, 0.9000, 0.0196, 0.5060, '0000-00-00 00:00:00', '2023-08-24 05:37:02'),
(51, 'Movistar', 18, 0.7200, 0.0180, 0.4960, 0.9000, 0.0196, 0.5060, '0000-00-00 00:00:00', '2023-08-24 05:38:50'),
(52, 'Entel', 18, 0.7200, 0.0180, 0.4960, 0.9000, 0.0196, 0.5060, '0000-00-00 00:00:00', '0000-00-00 00:00:00'),
(53, 'China Mobile', 19, 0.3200, 0.0242, 0.3980, 0.4000, 0.0398, 0.4080, '0000-00-00 00:00:00', '0000-00-00 00:00:00'),
(54, 'China Unicom', 19, 0.3200, 0.0228, 0.3980, 0.4000, 0.0258, 0.4080, '0000-00-00 00:00:00', '0000-00-00 00:00:00'),
(55, 'China Telecom', 19, 0.3200, 0.0242, 0.3980, 0.4000, 0.0426, 0.4080, '0000-00-00 00:00:00', '0000-00-00 00:00:00'),
(56, 'Claro', 20, 0.0190, 0.0105, 0.4750, 0.0220, 0.0135, 0.4850, '0000-00-00 00:00:00', '2023-08-24 05:36:05'),
(57, 'Movistar', 20, 0.0190, 0.0105, 0.4750, 0.0220, 0.0135, 0.4850, '0000-00-00 00:00:00', '2023-08-24 05:36:09'),
(58, 'Tigo', 20, 0.0190, 0.0105, 0.4750, 0.0220, 0.0135, 0.4850, '0000-00-00 00:00:00', '2023-08-24 05:36:14'),
(59, 'Vodafone', 21, 1.2000, 0.0112, 2.7100, 1.5000, 0.0142, 2.7200, '0000-00-00 00:00:00', '0000-00-00 00:00:00'),
(60, 'Azur', 22, 0.4800, 0.0289, 1.0240, 0.6000, 0.0392, 1.0340, '0000-00-00 00:00:00', '0000-00-00 00:00:00'),
(61, 'MTN', 22, 0.4800, 0.0289, 1.0240, 0.6000, 0.0300, 1.0340, '0000-00-00 00:00:00', '0000-00-00 00:00:00'),
(62, 'Airtel Congo (DRC)', 22, 0.4800, 0.0289, 1.0240, 0.6000, 0.0396, 1.0340, '0000-00-00 00:00:00', '0000-00-00 00:00:00'),
(63, 'Alegro (Telecsa S.A.)', 23, 0.2000, 0.1231, 0.9900, 0.2500, 0.1261, 1.0000, '0000-00-00 00:00:00', '0000-00-00 00:00:00'),
(64, 'Movistar', 23, 0.2000, 0.0898, 0.9900, 0.2500, 0.0928, 1.0000, '0000-00-00 00:00:00', '2023-08-24 05:35:51'),
(65, 'CNT', 23, 0.2000, 0.0348, 0.9900, 0.2500, 0.0363, 1.0000, '0000-00-00 00:00:00', '2023-08-24 05:35:56'),
(66, 'Vodafone Egypt', 24, 0.1040, 0.0200, 0.9170, 0.1300, 0.0962, 0.9270, '0000-00-00 00:00:00', '0000-00-00 00:00:00'),
(67, 'Orange Egypt', 24, 0.0880, 0.0200, 0.9170, 0.1100, 0.0899, 0.9270, '0000-00-00 00:00:00', '0000-00-00 00:00:00'),
(68, 'Etisalat Egypt', 24, 0.1040, 0.0200, 0.9170, 0.1300, 0.0938, 0.9270, '0000-00-00 00:00:00', '0000-00-00 00:00:00'),
(69, 'WE (Telecom Egypt)', 24, 0.1040, 0.0200, 0.9170, 0.1300, 0.0852, 0.9270, '0000-00-00 00:00:00', '0000-00-00 00:00:00'),
(70, 'Swazi MTN', 25, 0.8831, 0.0815, 0.8290, 1.0831, 0.0845, 0.8390, '0000-00-00 00:00:00', '2023-08-24 05:36:00'),
(71, 'SPTC', 25, 0.3938, 0.0815, 0.8290, 0.5938, 0.0845, 0.8390, '0000-00-00 00:00:00', '0000-00-00 00:00:00'),
(72, 'MTN Swaziland', 25, 0.7316, 0.0206, 0.8290, 0.9316, 0.0236, 0.8390, '0000-00-00 00:00:00', '2023-08-24 05:35:43'),
(73, 'Digicel', 26, 0.9506, 0.0366, 0.1390, 1.1506, 0.0635, 0.1490, '0000-00-00 00:00:00', '0000-00-00 00:00:00'),
(74, 'Vodafone Fiji', 26, 0.4890, 0.0712, 0.1390, 0.6890, 0.0742, 0.1490, '0000-00-00 00:00:00', '0000-00-00 00:00:00'),
(75, 'Orange', 27, 0.9586, 0.0504, 0.2170, 1.1586, 0.0538, 0.2270, '0000-00-00 00:00:00', '0000-00-00 00:00:00'),
(76, 'SFR', 27, 0.3626, 0.0504, 0.2170, 0.5626, 0.0548, 0.2270, '0000-00-00 00:00:00', '0000-00-00 00:00:00'),
(77, 'Free Mobile', 27, 0.2858, 0.0504, 0.2170, 0.4858, 0.0540, 0.2270, '0000-00-00 00:00:00', '0000-00-00 00:00:00'),
(78, 'O2 (Telefonica)', 28, 0.1559, 0.0925, 2.6560, 0.3559, 0.0955, 2.6660, '0000-00-00 00:00:00', '0000-00-00 00:00:00'),
(79, 'Vodafone', 28, 0.4637, 0.0800, 2.6560, 0.6637, 0.0880, 2.6660, '0000-00-00 00:00:00', '0000-00-00 00:00:00'),
(80, 'Telekom Deutschland', 28, 0.8382, 0.0800, 2.6560, 1.0382, 0.0880, 2.6660, '0000-00-00 00:00:00', '2023-08-24 05:35:47'),
(81, 'MTN Ghana', 29, 0.1100, 0.0117, 0.6030, 0.3100, 0.0675, 0.6130, '0000-00-00 00:00:00', '0000-00-00 00:00:00'),
(82, 'AirtelTigo Ghana', 29, 0.3091, 0.0117, 0.6030, 0.5091, 0.1227, 0.6130, '0000-00-00 00:00:00', '0000-00-00 00:00:00'),
(83, 'Vodafone Ghana', 29, 0.8298, 0.0117, 0.6030, 1.0298, 0.0631, 0.6130, '0000-00-00 00:00:00', '0000-00-00 00:00:00'),
(84, 'Tigo Ghana', 29, 0.1597, 0.0117, 0.6030, 0.3597, 0.1101, 0.6130, '0000-00-00 00:00:00', '2023-08-24 05:35:08'),
(85, 'Orange Guinea', 30, 0.0530, 0.0932, 1.7260, 0.2530, 0.0962, 1.7360, '0000-00-00 00:00:00', '2023-08-24 05:35:00'),
(86, 'MTN Guinea', 30, 0.2033, 0.0380, 1.7260, 0.4033, 0.0410, 1.7360, '0000-00-00 00:00:00', '0000-00-00 00:00:00'),
(87, 'Cellcom Guinea', 30, 0.9978, 0.0710, 1.7260, 1.1978, 0.0740, 1.7360, '0000-00-00 00:00:00', '0000-00-00 00:00:00'),
(88, 'Orange (Sonatel)', 31, 0.1435, 0.0697, 1.5200, 0.3435, 0.0727, 1.5300, '0000-00-00 00:00:00', '0000-00-00 00:00:00'),
(89, 'Airtel', 32, 0.7008, 0.0281, 0.1550, 0.9008, 0.0468, 0.1650, '0000-00-00 00:00:00', '2023-08-24 05:35:11'),
(90, 'Vodafone Idea (Vi)', 32, 0.4868, 0.0281, 0.1550, 0.6868, 0.0468, 0.1650, '0000-00-00 00:00:00', '0000-00-00 00:00:00'),
(91, 'Idea Cellular', 32, 0.6141, 0.0281, 0.1550, 0.8141, 0.0468, 0.1650, '0000-00-00 00:00:00', '0000-00-00 00:00:00'),
(92, 'Telkomsel', 33, 0.5711, 0.0394, 0.4510, 0.7711, 0.1638, 0.4610, '0000-00-00 00:00:00', '0000-00-00 00:00:00'),
(93, 'Indosat Ooredoo', 33, 0.8843, 0.0366, 0.4510, 1.0843, 0.1527, 0.4610, '0000-00-00 00:00:00', '0000-00-00 00:00:00'),
(94, 'XL Axiata', 33, 0.7978, 0.0492, 0.4510, 0.9978, 0.1129, 0.4610, '0000-00-00 00:00:00', '2023-08-24 05:34:41'),
(95, 'Smartfren', 33, 0.0493, 0.0450, 0.4510, 0.2493, 0.1087, 0.4610, '0000-00-00 00:00:00', '0000-00-00 00:00:00'),
(96, 'MCI', 34, 0.1080, 0.0704, 1.3030, 0.3080, 0.0734, 1.3130, '0000-00-00 00:00:00', '2023-08-24 05:34:45'),
(97, 'Irancell (MTN Irancell)', 34, 0.4241, 0.0745, 1.3030, 0.6241, 0.0775, 1.3130, '0000-00-00 00:00:00', '0000-00-00 00:00:00'),
(98, 'TIM (Telecom Italia)', 35, 0.7690, 0.0419, 0.1090, 0.9690, 0.0451, 0.1190, '0000-00-00 00:00:00', '0000-00-00 00:00:00'),
(99, 'Wind', 35, 0.9918, 0.0419, 0.1090, 1.1918, 0.0451, 0.1190, '0000-00-00 00:00:00', '2023-08-24 05:34:54'),
(100, 'MTN Ivory Coast', 36, 0.3207, 0.0256, 8.1800, 0.5207, 0.0180, 8.1900, '0000-00-00 00:00:00', '0000-00-00 00:00:00'),
(101, 'Orange Ivory Coast', 36, 0.7430, 0.0283, 8.1800, 0.9430, 0.0180, 8.1900, '0000-00-00 00:00:00', '0000-00-00 00:00:00'),
(102, 'NTT Docomo', 37, 0.3261, 0.0376, 3.8390, 0.5261, 0.0454, 3.8490, '0000-00-00 00:00:00', '0000-00-00 00:00:00'),
(103, 'SoftBank Corp', 37, 0.3687, 0.0468, 3.8390, 0.5687, 0.0468, 3.8490, '0000-00-00 00:00:00', '0000-00-00 00:00:00'),
(104, 'KDDI', 37, 0.4556, 0.0491, 3.8390, 0.6556, 0.0521, 3.8490, '0000-00-00 00:00:00', '2023-08-24 05:34:33'),
(105, 'Safaricom', 38, 0.2293, 0.0114, 0.8340, 0.4293, 0.0347, 0.8440, '0000-00-00 00:00:00', '0000-00-00 00:00:00'),
(106, 'Airtel Kenya', 38, 0.5732, 0.0114, 0.8340, 0.7732, 0.0979, 0.8440, '0000-00-00 00:00:00', '0000-00-00 00:00:00'),
(107, 'Orange', 38, 0.0154, 0.0114, 0.8340, 0.2154, 0.1300, 0.8440, '0000-00-00 00:00:00', '0000-00-00 00:00:00'),
(108, 'Ooredoo Kuwait', 39, 0.3823, 0.0633, 0.7030, 0.5823, 0.1300, 0.7130, '0000-00-00 00:00:00', '0000-00-00 00:00:00'),
(109, 'Zain Kuwait', 39, 0.3497, 0.0466, 0.7030, 0.5497, 0.1300, 0.7130, '0000-00-00 00:00:00', '0000-00-00 00:00:00'),
(110, 'Alfa', 40, 0.8765, 0.0200, 2.9900, 1.0765, 0.1000, 3.0000, '0000-00-00 00:00:00', '2023-08-24 05:34:37'),
(111, 'Touch', 40, 0.3399, 0.0200, 2.9900, 0.5399, 0.1000, 3.0000, '0000-00-00 00:00:00', '2023-08-24 05:33:54'),
(112, 'Leo', 41, 0.2479, 0.0400, 2.6230, 0.4479, 0.0400, 2.6330, '0000-00-00 00:00:00', '2023-08-24 05:38:55'),
(113, 'Orange Liberia', 41, 0.2955, 0.0400, 2.6230, 0.4955, 0.0400, 2.6330, '0000-00-00 00:00:00', '0000-00-00 00:00:00'),
(114, 'Lonestar Cell MTN', 41, 0.9832, 0.0300, 2.6230, 1.1832, 0.0300, 2.6330, '0000-00-00 00:00:00', '0000-00-00 00:00:00'),
(115, 'Orange Madagascar', 42, 0.2118, 0.0400, 1.5050, 0.4118, 0.0600, 1.5150, '0000-00-00 00:00:00', '0000-00-00 00:00:00'),
(116, 'Telma Madagascar', 42, 0.9424, 0.0400, 1.5050, 1.1424, 0.1500, 1.5150, '0000-00-00 00:00:00', '0000-00-00 00:00:00'),
(117, 'Airtel Malawi', 43, 0.3742, 0.0313, 2.4060, 0.5742, 0.0983, 2.4160, '0000-00-00 00:00:00', '0000-00-00 00:00:00'),
(118, 'TNM', 43, 0.1387, 0.0300, 2.4060, 0.3387, 0.0948, 2.4160, '0000-00-00 00:00:00', '2023-08-24 05:38:58'),
(119, 'Celcom', 44, 0.4398, 0.0274, 0.4400, 0.6398, 0.0530, 0.4500, '0000-00-00 00:00:00', '0000-00-00 00:00:00'),
(120, 'Maxis', 44, 0.4331, 0.0274, 0.4400, 0.6331, 0.0465, 0.4500, '0000-00-00 00:00:00', '0000-00-00 00:00:00'),
(121, 'Digi', 44, 0.4547, 0.0292, 0.4400, 0.6547, 0.0545, 0.4500, '0000-00-00 00:00:00', '0000-00-00 00:00:00'),
(122, 'Orange Mali', 45, 0.2060, 0.1028, 2.7450, 0.4060, 0.1136, 2.7550, '0000-00-00 00:00:00', '0000-00-00 00:00:00'),
(123, 'Malitel', 45, 0.4985, 0.0856, 2.7450, 0.6985, 0.0886, 2.7550, '0000-00-00 00:00:00', '0000-00-00 00:00:00'),
(124, 'Mattel', 46, 0.3899, 0.0739, 2.7280, 0.5899, 0.0760, 2.7380, '0000-00-00 00:00:00', '0000-00-00 00:00:00'),
(125, 'Mauritel', 46, 0.5172, 0.0946, 2.7280, 0.7172, 0.0976, 2.7380, '0000-00-00 00:00:00', '0000-00-00 00:00:00'),
(126, 'Telcel', 47, 0.7284, 0.0184, 2.8780, 0.9284, 0.0214, 2.8880, '0000-00-00 00:00:00', '0000-00-00 00:00:00'),
(127, 'Movistar', 47, 0.6153, 0.0184, 2.8780, 0.8153, 0.0214, 2.8880, '0000-00-00 00:00:00', '2023-08-24 05:29:42'),
(128, 'AT&T Mexico', 47, 0.2922, 0.0184, 2.8780, 0.4922, 0.0210, 2.8880, '0000-00-00 00:00:00', '0000-00-00 00:00:00'),
(129, 'Unefon', 47, 0.7649, 0.0184, 2.8780, 0.9649, 0.0210, 2.8880, '0000-00-00 00:00:00', '2023-08-24 05:33:50'),
(130, 'Ooredoo Myanmar', 48, 0.7301, 0.1203, 1.1040, 0.9301, 0.1300, 1.1140, '0000-00-00 00:00:00', '0000-00-00 00:00:00'),
(131, 'Telenor Myanmar', 48, 0.9324, 0.0976, 1.1040, 1.1324, 0.1300, 1.1140, '0000-00-00 00:00:00', '0000-00-00 00:00:00'),
(132, 'MPT', 48, 0.3886, 0.0726, 1.1040, 0.5886, 0.1300, 1.1140, '0000-00-00 00:00:00', '2023-08-24 05:39:03'),
(133, 'MTN Namibia', 49, 0.8133, 0.0208, 10.5110, 1.0133, 0.0238, 10.5210, '0000-00-00 00:00:00', '0000-00-00 00:00:00'),
(134, 'Telecom Namibia', 49, 0.8006, 0.0208, 10.5110, 1.0006, 0.0238, 10.5210, '0000-00-00 00:00:00', '0000-00-00 00:00:00'),
(135, 'Digicel', 50, 0.2235, 0.2166, 5.3470, 0.4235, 0.7217, 5.3570, '0000-00-00 00:00:00', '0000-00-00 00:00:00'),
(136, 'Vodafone Nauru', 50, 0.4603, 0.8373, 5.3470, 0.6603, 0.1364, 5.3570, '0000-00-00 00:00:00', '0000-00-00 00:00:00'),
(137, 'Nepal Telecom', 51, 0.1884, 0.1002, 0.2560, 0.3884, 0.1032, 0.2660, '0000-00-00 00:00:00', '0000-00-00 00:00:00'),
(138, 'Ncell', 51, 0.6719, 0.1002, 0.2560, 0.8719, 0.1032, 0.2660, '0000-00-00 00:00:00', '0000-00-00 00:00:00'),
(139, 'Smart Telecom', 51, 0.5640, 0.1086, 0.2560, 0.7640, 0.1116, 0.2660, '0000-00-00 00:00:00', '2023-08-24 05:39:07'),
(140, 'Spark', 52, 0.3291, 0.0670, 6.7070, 0.5291, 0.0700, 6.7170, '0000-00-00 00:00:00', '2023-08-24 05:33:45'),
(141, 'Vodafone New Zealand', 52, 0.7376, 0.0670, 6.7070, 0.9376, 0.0700, 6.7170, '0000-00-00 00:00:00', '0000-00-00 00:00:00'),
(142, '2degrees', 52, 0.0642, 0.0670, 6.7070, 0.2642, 0.0700, 6.7170, '0000-00-00 00:00:00', '0000-00-00 00:00:00'),
(143, 'MTN Nigeria', 53, 0.4273, 0.0194, 0.6990, 0.6273, 0.0677, 0.7090, '0000-00-00 00:00:00', '0000-00-00 00:00:00'),
(144, 'Airtel Nigeria', 53, 0.4483, 0.0193, 0.6990, 0.6483, 0.1053, 0.7090, '0000-00-00 00:00:00', '0000-00-00 00:00:00'),
(145, 'Glo Mobile Nigeria', 53, 0.5848, 0.0194, 0.6990, 0.7848, 0.1176, 0.7090, '0000-00-00 00:00:00', '0000-00-00 00:00:00'),
(146, '9mobile (Etisalat Nigeria)', 53, 0.0494, 0.0193, 0.6990, 0.2494, 0.1294, 0.7090, '0000-00-00 00:00:00', '0000-00-00 00:00:00'),
(147, 'Omantel', 54, 0.9123, 0.0850, 2.9110, 1.1123, 0.0672, 2.9210, '0000-00-00 00:00:00', '0000-00-00 00:00:00'),
(148, 'Ooredoo Oman', 54, 0.7135, 0.0248, 2.9110, 0.9135, 0.0955, 2.9210, '0000-00-00 00:00:00', '0000-00-00 00:00:00'),
(149, 'Jazz (Mobilink)', 55, 0.9476, 0.0114, 0.3480, 1.1476, 0.1031, 0.3580, '0000-00-00 00:00:00', '0000-00-00 00:00:00'),
(150, 'Telenor Pakistan', 55, 0.5618, 0.0115, 0.3480, 0.7618, 0.1053, 0.3580, '0000-00-00 00:00:00', '0000-00-00 00:00:00'),
(151, 'PTCL', 55, 0.1940, 0.0108, 0.3480, 0.3940, 0.0990, 0.3580, '0000-00-00 00:00:00', '0000-00-00 00:00:00'),
(152, 'Zong', 55, 0.8407, 0.0108, 0.3480, 1.0407, 0.1018, 0.3580, '0000-00-00 00:00:00', '0000-00-00 00:00:00'),
(153, 'Digicel', 56, 0.4727, 0.0366, 2.5990, 0.6727, 0.0568, 2.6090, '0000-00-00 00:00:00', '0000-00-00 00:00:00'),
(154, 'Bmobile-Vodafone', 56, 0.9714, 0.0436, 2.5990, 1.1714, 0.0466, 2.6090, '0000-00-00 00:00:00', '0000-00-00 00:00:00'),
(155, 'Tigo (Millicom)', 57, 0.8342, 0.0181, 1.0740, 1.0342, 0.0211, 1.0840, '0000-00-00 00:00:00', '0000-00-00 00:00:00'),
(156, 'Claro', 57, 0.2727, 0.0191, 1.0740, 0.4727, 0.0221, 1.0840, '0000-00-00 00:00:00', '2023-08-24 05:39:11'),
(157, 'Personal', 57, 0.7435, 0.0191, 1.0740, 0.9435, 0.0221, 1.0840, '0000-00-00 00:00:00', '2023-08-24 05:39:15'),
(158, 'Claro', 58, 0.8277, 0.0194, 1.0030, 1.0277, 0.0211, 1.0130, '0000-00-00 00:00:00', '2023-08-24 05:33:36'),
(159, 'Movistar', 58, 0.2886, 0.0206, 1.0030, 0.4886, 0.0253, 1.0130, '0000-00-00 00:00:00', '2023-08-24 05:33:40'),
(160, 'Bitel (Viettel Group)', 58, 0.5947, 0.0478, 1.0030, 0.7947, 0.0508, 1.0130, '0000-00-00 00:00:00', '0000-00-00 00:00:00'),
(161, 'NEXTEL', 58, 0.2702, 0.0781, 1.0030, 0.4702, 0.1025, 1.0130, '0000-00-00 00:00:00', '0000-00-00 00:00:00'),
(162, 'Globe Telecom', 59, 0.9803, 0.0126, 0.5060, 1.1803, 0.0156, 0.5160, '0000-00-00 00:00:00', '0000-00-00 00:00:00'),
(163, 'Smart Communications', 59, 0.8037, 0.0132, 0.5060, 1.0037, 0.0468, 0.5160, '0000-00-00 00:00:00', '0000-00-00 00:00:00'),
(164, 'Ooredoo Qatar', 60, 0.8673, 0.0195, 6.8560, 1.0673, 0.0218, 6.8660, '0000-00-00 00:00:00', '0000-00-00 00:00:00'),
(165, 'Vodafone Qatar', 60, 0.5767, 0.0195, 6.8560, 0.7767, 0.0218, 6.8660, '0000-00-00 00:00:00', '0000-00-00 00:00:00'),
(166, 'MTN Rwanda', 61, 0.2875, 0.0143, 1.0900, 0.4875, 0.0605, 1.1000, '0000-00-00 00:00:00', '0000-00-00 00:00:00'),
(167, 'Airtel Rwanda', 61, 0.9081, 0.0143, 1.0900, 1.1081, 0.0990, 1.1000, '0000-00-00 00:00:00', '0000-00-00 00:00:00'),
(168, 'Tigo Rwanda', 61, 0.1179, 0.0143, 1.0900, 0.3179, 0.0990, 1.1000, '0000-00-00 00:00:00', '0000-00-00 00:00:00'),
(169, 'Digicel', 62, 0.9693, 0.0381, 0.9250, 1.1693, 0.0381, 0.9350, '0000-00-00 00:00:00', '0000-00-00 00:00:00'),
(170, 'BlueSky Samoa', 62, 0.0363, 0.0359, 0.9250, 0.2363, 0.0459, 0.9350, '0000-00-00 00:00:00', '0000-00-00 00:00:00'),
(171, 'STC', 63, 0.8744, 0.0499, 1.5140, 1.0744, 0.0529, 1.5240, '0000-00-00 00:00:00', '2023-08-24 05:39:19'),
(172, 'Mobily', 63, 0.4721, 0.0368, 1.5140, 0.6721, 0.0398, 1.5240, '0000-00-00 00:00:00', '0000-00-00 00:00:00'),
(173, 'Zain Saudi Arabia', 63, 0.1917, 0.0619, 1.5140, 0.3917, 0.0669, 1.5240, '0000-00-00 00:00:00', '0000-00-00 00:00:00'),
(174, 'Orange Senegal', 64, 0.0120, 0.0480, 1.5200, 0.2120, 0.0402, 1.5300, '0000-00-00 00:00:00', '0000-00-00 00:00:00'),
(175, 'Tigo', 64, 0.8506, 0.0301, 1.5200, 1.0506, 0.1038, 1.5300, '0000-00-00 00:00:00', '0000-00-00 00:00:00'),
(176, 'Expresso Senegal', 64, 0.0485, 0.1194, 1.5200, 0.2485, 0.1224, 1.5300, '0000-00-00 00:00:00', '0000-00-00 00:00:00'),
(177, 'Singtel', 65, 0.4508, 0.0311, 0.5980, 0.6508, 0.0341, 0.6080, '0000-00-00 00:00:00', '0000-00-00 00:00:00'),
(178, 'StarHub', 65, 0.8826, 0.0350, 0.5980, 1.0826, 0.0380, 0.6080, '0000-00-00 00:00:00', '0000-00-00 00:00:00'),
(179, 'M1 Limited', 65, 0.8419, 0.0348, 0.5980, 1.0419, 0.0378, 0.6080, '0000-00-00 00:00:00', '0000-00-00 00:00:00'),
(180, 'Our Telekom (Breeze)', 66, 0.7969, 0.0330, 6.7300, 0.9969, 0.0360, 6.7400, '0000-00-00 00:00:00', '0000-00-00 00:00:00'),
(181, 'Bmobile-Vodafone', 66, 0.2299, 0.0311, 6.7300, 0.4299, 0.0858, 6.7400, '0000-00-00 00:00:00', '0000-00-00 00:00:00'),
(182, 'Vodacom', 67, 0.1900, 0.0173, 2.0280, 0.3900, 0.0210, 2.0380, '0000-00-00 00:00:00', '0000-00-00 00:00:00'),
(183, 'MTN South Africa', 67, 0.3639, 0.0173, 2.0280, 0.5639, 0.0194, 2.0380, '0000-00-00 00:00:00', '0000-00-00 00:00:00'),
(184, 'Cell C', 67, 0.9151, 0.0173, 2.0280, 1.1151, 0.0228, 2.0380, '0000-00-00 00:00:00', '0000-00-00 00:00:00'),
(185, 'Telkom Mobile', 67, 0.8994, 0.0173, 2.0280, 1.0994, 0.0211, 2.0380, '0000-00-00 00:00:00', '0000-00-00 00:00:00'),
(186, 'SK Telecom', 68, 0.7785, 0.0170, 12.5350, 0.9785, 0.0221, 12.5450, '0000-00-00 00:00:00', '0000-00-00 00:00:00'),
(187, 'KT (Korea Telecom)', 68, 0.3770, 0.0170, 12.5350, 0.5770, 0.0221, 12.5450, '0000-00-00 00:00:00', '0000-00-00 00:00:00'),
(188, 'LG Uplus', 68, 0.3421, 0.0170, 12.5350, 0.5421, 0.0221, 12.5450, '0000-00-00 00:00:00', '0000-00-00 00:00:00'),
(189, 'Movistar', 69, 0.3808, 0.0380, 0.5890, 0.5808, 0.0425, 0.5990, '0000-00-00 00:00:00', '0000-00-00 00:00:00'),
(190, 'Vodafone', 69, 0.9318, 0.0380, 0.5890, 1.1318, 0.0410, 0.5990, '0000-00-00 00:00:00', '0000-00-00 00:00:00'),
(191, 'Yoigo', 69, 0.0684, 0.0380, 0.5890, 0.2684, 0.0425, 0.5990, '0000-00-00 00:00:00', '0000-00-00 00:00:00'),
(192, 'Airtel', 70, 0.1019, 0.0119, 0.2620, 0.3019, 0.0880, 0.2720, '0000-00-00 00:00:00', '0000-00-00 00:00:00'),
(193, 'Mobitel (Sri Lanka Telecom)', 70, 0.0228, 0.0119, 0.2620, 0.2228, 0.1539, 0.2720, '0000-00-00 00:00:00', '0000-00-00 00:00:00'),
(194, 'Dialog Axiata', 70, 0.8394, 0.0119, 0.2620, 1.0394, 0.0942, 0.2720, '0000-00-00 00:00:00', '0000-00-00 00:00:00'),
(195, 'Zain', 71, 0.1489, 0.1203, 0.7350, 0.3489, 0.1331, 0.7450, '0000-00-00 00:00:00', '2023-08-24 05:32:32'),
(196, 'Sudani One', 71, 0.9413, 0.0850, 0.7350, 1.1413, 0.0719, 0.7450, '0000-00-00 00:00:00', '2023-08-24 05:32:35'),
(197, 'Swisscom', 72, 0.4095, 0.0226, 7.3560, 0.6095, 0.0251, 7.3660, '0000-00-00 00:00:00', '0000-00-00 00:00:00'),
(198, 'Sunrise', 72, 0.2676, 0.0226, 7.3560, 0.4676, 0.0251, 7.3660, '0000-00-00 00:00:00', '0000-00-00 00:00:00'),
(199, 'Salt', 72, 0.5982, 0.0226, 7.3560, 0.7982, 0.0251, 7.3660, '0000-00-00 00:00:00', '2023-08-24 05:32:39'),
(200, 'Syriatel', 73, 0.7941, 0.1305, 8.5580, 0.9941, 0.1233, 8.5680, '0000-00-00 00:00:00', '2023-08-24 05:32:42'),
(201, 'MTN Syria', 73, 0.0340, 0.1315, 8.5580, 0.2340, 0.1595, 8.5680, '0000-00-00 00:00:00', '0000-00-00 00:00:00'),
(202, 'Vodacom Tanzania', 74, 0.4718, 0.0160, 0.7040, 0.6718, 0.0747, 0.7140, '0000-00-00 00:00:00', '0000-00-00 00:00:00'),
(203, 'Airtel Tanzania', 74, 0.2087, 0.0145, 0.7040, 0.4087, 0.0983, 0.7140, '0000-00-00 00:00:00', '0000-00-00 00:00:00'),
(204, 'Zantel', 74, 0.0912, 0.0158, 0.7040, 0.2912, 0.1031, 0.7140, '0000-00-00 00:00:00', '2023-08-24 05:32:29'),
(205, 'AIS', 75, 0.6452, 0.0161, 0.3650, 0.8452, 0.0182, 0.3750, '0000-00-00 00:00:00', '2023-08-24 05:40:41'),
(206, 'TrueMove H', 75, 0.4538, 0.0161, 0.3650, 0.6538, 0.0182, 0.3750, '0000-00-00 00:00:00', '0000-00-00 00:00:00'),
(207, 'DTAC (Total Access Communication)', 75, 0.8555, 0.0161, 0.3650, 1.0555, 0.0182, 0.3750, '0000-00-00 00:00:00', '0000-00-00 00:00:00'),
(208, 'Moov Togo', 76, 0.8297, 0.0206, 12.9270, 1.0297, 0.0548, 12.9370, '0000-00-00 00:00:00', '0000-00-00 00:00:00'),
(209, 'Togocel (Togo Telecom)', 76, 0.6028, 0.0206, 12.9270, 0.8028, 0.0236, 12.9370, '0000-00-00 00:00:00', '0000-00-00 00:00:00'),
(210, 'Digicel', 77, 0.6417, 0.0228, 1.1840, 0.8417, 0.0258, 1.1940, '0000-00-00 00:00:00', '0000-00-00 00:00:00'),
(211, 'U-Call', 77, 0.1502, 0.0366, 1.1840, 0.3502, 0.0635, 1.1940, '0000-00-00 00:00:00', '2023-08-24 05:31:56'),
(212, 'Tuvalu Telecom', 78, 0.6202, 0.0642, 7.4580, 0.8202, 0.0672, 7.4680, '0000-00-00 00:00:00', '0000-00-00 00:00:00'),
(213, 'Du', 79, 0.7602, 0.0242, 4.2800, 0.9602, 0.0272, 4.2900, '0000-00-00 00:00:00', '2023-08-24 05:31:51'),
(214, 'MTN Uganda', 80, 0.9504, 0.0668, 1.3070, 1.1504, 0.0698, 1.3170, '0000-00-00 00:00:00', '0000-00-00 00:00:00'),
(215, 'Airtel Uganda', 80, 0.0226, 0.0953, 1.3070, 0.2226, 0.0983, 1.3170, '0000-00-00 00:00:00', '0000-00-00 00:00:00'),
(216, 'Africell Uganda', 80, 0.6346, 0.0702, 1.3070, 0.8346, 0.0732, 1.3170, '0000-00-00 00:00:00', '0000-00-00 00:00:00'),
(217, 'Etisalat', 79, 0.2346, 0.0241, 3.7700, 0.4346, 0.0271, 3.7800, '0000-00-00 00:00:00', '0000-00-00 00:00:00'),
(218, 'Vodafone', 81, 0.7900, 0.0135, 3.9700, 0.9400, 0.8400, 7.6100, '0000-00-00 00:00:00', '0000-00-00 00:00:00'),
(219, 'Talkmobile', 81, 0.5100, 0.1800, 4.3100, 1.9000, 0.6300, 8.6000, '0000-00-00 00:00:00', '0000-00-00 00:00:00'),
(220, 'Giffgaff', 81, 0.3200, 0.1300, 2.8000, 1.2700, 0.3880, 5.4000, '0000-00-00 00:00:00', '0000-00-00 00:00:00'),
(221, 'Virgin-Mobile', 81, 0.7500, 0.1900, 3.8100, 0.8000, 0.3000, 6.5000, '0000-00-00 00:00:00', '0000-00-00 00:00:00'),
(222, 'Three UK', 81, 0.1300, 0.1300, 4.5000, 1.7800, 1.7800, 7.6100, '0000-00-00 00:00:00', '0000-00-00 00:00:00'),
(223, 'EE', 81, 0.9300, 0.1900, 4.5000, 1.3000, 0.2900, 6.0000, '0000-00-00 00:00:00', '0000-00-00 00:00:00'),
(224, 'O2', 81, 0.2400, 0.0760, 3.3000, 1.9000, 0.1200, 6.3000, '0000-00-00 00:00:00', '0000-00-00 00:00:00'),
(225, 'Verizon Wireless', 82, 0.7816, 0.0138, 5.6110, 0.9816, 0.0168, 5.6210, '0000-00-00 00:00:00', '0000-00-00 00:00:00'),
(226, 'AT&T', 82, 0.8554, 0.0151, 5.6110, 1.0554, 0.0203, 5.6210, '0000-00-00 00:00:00', '0000-00-00 00:00:00'),
(227, 'T-Mobile', 82, 0.6044, 0.0151, 5.6110, 0.8044, 0.0203, 5.6210, '0000-00-00 00:00:00', '2023-08-24 05:31:31'),
(228, 'Sprint', 82, 0.8193, 0.0173, 5.6110, 1.0193, 0.0203, 5.6210, '0000-00-00 00:00:00', '2023-08-24 05:31:34'),
(229, 'US Cellular', 82, 0.6635, 0.0209, 5.6110, 0.8635, 0.0239, 5.6210, '0000-00-00 00:00:00', '0000-00-00 00:00:00'),
(230, 'Antel', 83, 0.4532, 0.0229, 0.2560, 0.6532, 0.0259, 0.2660, '0000-00-00 00:00:00', '0000-00-00 00:00:00'),
(231, 'Claro', 83, 0.9966, 0.0324, 0.2560, 1.1966, 0.0354, 0.2660, '0000-00-00 00:00:00', '2023-08-24 05:31:00'),
(232, 'Movistar', 83, 0.0323, 0.0405, 0.2560, 0.2323, 0.0435, 0.2660, '0000-00-00 00:00:00', '2023-08-24 05:31:04'),
(233, 'Digicel', 84, 0.0457, 0.0366, 1.6880, 0.2457, 0.0635, 1.6980, '0000-00-00 00:00:00', '0000-00-00 00:00:00'),
(234, 'Teleco', 84, 0.2259, 0.0642, 1.6880, 0.4259, 0.0672, 1.6980, '0000-00-00 00:00:00', '2023-08-24 05:31:11'),
(235, 'Movilnet (CANTV)', 85, 0.5282, 0.0291, 2.2100, 0.7282, 0.0242, 2.2200, '0000-00-00 00:00:00', '0000-00-00 00:00:00'),
(236, 'Movistar', 85, 0.3175, 0.0451, 2.2100, 0.5175, 0.0415, 2.2200, '0000-00-00 00:00:00', '2023-08-24 05:31:07'),
(237, 'Digitel', 85, 0.0080, 0.0694, 2.2100, 0.2080, 0.0704, 2.2200, '0000-00-00 00:00:00', '0000-00-00 00:00:00'),
(238, 'Viettel', 86, 0.6078, 0.0712, 0.5970, 0.8078, 0.0767, 0.6070, '0000-00-00 00:00:00', '0000-00-00 00:00:00'),
(239, 'Vinaphone', 86, 0.9237, 0.0745, 0.5970, 1.1237, 0.0775, 0.6070, '0000-00-00 00:00:00', '0000-00-00 00:00:00'),
(240, 'Mobifone', 86, 0.2430, 0.0723, 0.5970, 0.4430, 0.0779, 0.6070, '0000-00-00 00:00:00', '0000-00-00 00:00:00'),
(241, 'Vietnammobile', 86, 0.6788, 0.0756, 0.5970, 0.8788, 0.0892, 0.6070, '0000-00-00 00:00:00', '0000-00-00 00:00:00'),
(242, 'MTN Zambia', 87, 0.4698, 0.0181, 1.3500, 0.6698, 0.1018, 1.3600, '0000-00-00 00:00:00', '0000-00-00 00:00:00'),
(243, 'Airtel Zambia', 87, 0.7466, 0.0181, 1.3500, 0.9466, 0.0983, 1.3600, '0000-00-00 00:00:00', '0000-00-00 00:00:00'),
(244, 'Zamtel', 87, 0.8678, 0.0181, 1.3500, 1.0678, 0.1018, 1.3600, '0000-00-00 00:00:00', '0000-00-00 00:00:00'),
(245, 'Econet (now Airtel Zimbabwe)', 88, 0.7589, 0.0300, 4.2500, 0.9589, 0.0589, 4.2600, '0000-00-00 00:00:00', '0000-00-00 00:00:00'),
(246, 'NetOne Zimbabwe', 88, 0.3357, 0.0300, 4.2500, 0.5357, 0.0534, 4.2600, '0000-00-00 00:00:00', '0000-00-00 00:00:00'),
(247, 'Telecel Zimbabwe', 88, 0.1405, 0.0300, 4.2500, 0.3405, 0.1233, 4.2600, '0000-00-00 00:00:00', '0000-00-00 00:00:00');

-- --------------------------------------------------------

--
-- Table structure for table `password_reset_tokens`
--

CREATE TABLE `password_reset_tokens` (
  `email` varchar(255) NOT NULL,
  `token` varchar(255) NOT NULL,
  `created_at` timestamp NULL DEFAULT NULL
) ENGINE=InnoDB DEFAULT CHARSET=utf8mb4 COLLATE=utf8mb4_unicode_ci;

-- --------------------------------------------------------

--
-- Table structure for table `personal_access_tokens`
--

CREATE TABLE `personal_access_tokens` (
  `id` bigint(20) UNSIGNED NOT NULL,
  `tokenable_type` varchar(255) NOT NULL,
  `tokenable_id` bigint(20) UNSIGNED NOT NULL,
  `name` varchar(255) NOT NULL,
  `token` varchar(64) NOT NULL,
  `abilities` text DEFAULT NULL,
  `last_used_at` timestamp NULL DEFAULT NULL,
  `expires_at` timestamp NULL DEFAULT NULL,
  `created_at` timestamp NULL DEFAULT NULL,
  `updated_at` timestamp NULL DEFAULT NULL
) ENGINE=InnoDB DEFAULT CHARSET=utf8mb4 COLLATE=utf8mb4_unicode_ci;

-- --------------------------------------------------------

--
-- Table structure for table `sessions`
--

CREATE TABLE `sessions` (
  `id` varchar(255) NOT NULL,
  `user_id` bigint(20) UNSIGNED DEFAULT NULL,
  `ip_address` varchar(45) DEFAULT NULL,
  `user_agent` text DEFAULT NULL,
  `payload` longtext NOT NULL,
  `last_activity` int(11) NOT NULL
) ENGINE=InnoDB DEFAULT CHARSET=utf8mb4 COLLATE=utf8mb4_unicode_ci;

--
-- Dumping data for table `sessions`
--

INSERT INTO `sessions` (`id`, `user_id`, `ip_address`, `user_agent`, `payload`, `last_activity`) VALUES
('skQVHvZKXKpOoFKz7wFGFspdbdejFcLncf224ZfF', 2, '127.0.0.1', 'Mozilla/5.0 (Windows NT 10.0; Win64; x64) AppleWebKit/537.36 (KHTML, like Gecko) Chrome/116.0.0.0 Safari/537.36', 'YTo1OntzOjY6Il90b2tlbiI7czo0MDoiY0lWRDcwZ3Z0UllqSlZLMkF6empRU3J6RzBUSElwdVFndmVOc0oyVSI7czo5OiJfcHJldmlvdXMiO2E6MTp7czozOiJ1cmwiO3M6MzQ6Imh0dHA6Ly8xMjcuMC4wLjE6ODAwMC9jb3VudHJ5LWxpc3QiO31zOjY6Il9mbGFzaCI7YToyOntzOjM6Im9sZCI7YTowOnt9czozOiJuZXciO2E6MDp7fX1zOjUwOiJsb2dpbl93ZWJfNTliYTM2YWRkYzJiMmY5NDAxNTgwZjAxNGM3ZjU4ZWE0ZTMwOTg5ZCI7aToyO3M6MjE6InBhc3N3b3JkX2hhc2hfc2FuY3R1bSI7czo2MDoiJDJ5JDEwJEJVVVpVUkwuT3dodzJpY3d4Z0VNWU9iTkpLMFA5UU9mT3YyTWFJcVhIL2JmWDNINktvcGVDIjt9', 1692877276);

-- --------------------------------------------------------

--
-- Table structure for table `users`
--

CREATE TABLE `users` (
  `id` bigint(20) UNSIGNED NOT NULL,
  `name` varchar(255) NOT NULL,
  `email` varchar(255) NOT NULL,
  `email_verified_at` timestamp NULL DEFAULT NULL,
  `password` varchar(255) NOT NULL,
  `two_factor_secret` text DEFAULT NULL,
  `two_factor_recovery_codes` text DEFAULT NULL,
  `two_factor_confirmed_at` timestamp NULL DEFAULT NULL,
  `remember_token` varchar(100) DEFAULT NULL,
  `current_team_id` bigint(20) UNSIGNED DEFAULT NULL,
  `profile_photo_path` varchar(2048) DEFAULT NULL,
  `created_at` timestamp NULL DEFAULT NULL,
  `updated_at` timestamp NULL DEFAULT NULL
) ENGINE=InnoDB DEFAULT CHARSET=utf8mb4 COLLATE=utf8mb4_unicode_ci;

--
-- Dumping data for table `users`
--

INSERT INTO `users` (`id`, `name`, `email`, `email_verified_at`, `password`, `two_factor_secret`, `two_factor_recovery_codes`, `two_factor_confirmed_at`, `remember_token`, `current_team_id`, `profile_photo_path`, `created_at`, `updated_at`) VALUES
(1, 'Mrs. Kara Gottlieb Sr.', 'barrows.kailee@example.net', '2023-08-18 00:25:06', '$2y$10$JHgc1UGwqrTpXs6I9X07K.fUyvByMEGEajGdXg1Icg.ywZNvsYvSm', NULL, NULL, NULL, 'lkN0N8AgNgyxCK8do8bse8avT7nJAt2GW0NYVgRDprSbXWG52zG438uAAv4O', NULL, NULL, '2023-08-18 00:25:06', '2023-08-18 00:25:06'),
(2, 'Hilton Weimann', 'wryan@example.net', '2023-08-18 00:25:06', '$2y$10$BUUZURL.Owhw2icwxgEMYObNJK0P9QOfOv2MaIqXH/bfX3H6KopeC', NULL, NULL, NULL, 'y0ZtHFPAsgqEzOdlj9RZcovKaOCR2bYoo5T0djkkFZe5DndIsPtS3EyrZf5T', NULL, NULL, '2023-08-18 00:25:06', '2023-08-18 00:25:06'),
(3, 'Fannie Wintheiser', 'erik94@example.com', '2023-08-18 00:25:06', '$2y$10$VIOrmpaovekLEchjZlrNLOP/44c.JZ82bBRsy1UWcpRMxT9hhHhq.', NULL, NULL, NULL, 'OJcLC4y5qO', NULL, NULL, '2023-08-18 00:25:06', '2023-08-18 00:25:06'),
(4, 'Selena Bechtelar', 'crona.orval@example.org', '2023-08-18 00:25:06', '$2y$10$7dv.bSMFipXldCGCmM/.ceNabMnU0bWQWDoC8MNxBRsdTBGLYPCXK', NULL, NULL, NULL, '0JXL6cSCfU', NULL, NULL, '2023-08-18 00:25:06', '2023-08-18 00:25:06'),
(5, 'Dr. Demond Lehner', 'bruen.madelynn@example.com', '2023-08-18 00:25:06', '$2y$10$KqUPPtQj6IGsFe3wWOYvEeLi2z3HtbX3CU6OEmhyLgYkQ3r9RxDFC', NULL, NULL, NULL, 'YFzDjg4eIA', NULL, NULL, '2023-08-18 00:25:06', '2023-08-18 00:25:06'),
(6, 'Sherwood Parisian DVM', 'kjacobs@example.net', '2023-08-18 00:25:06', '$2y$10$qxUXifCyYjmBdPO7n99dtuV35Zhy0/8ZSwcH3mN3tUL4AASgK0iMu', NULL, NULL, NULL, 'Ir1DxCMevn', NULL, NULL, '2023-08-18 00:25:06', '2023-08-18 00:25:06'),
(7, 'Tristian Schimmel', 'paige.osinski@example.org', '2023-08-18 00:25:06', '$2y$10$eVvGLiw7YODvUlYuh5AJi.qUeTHAFtYVTBtc.TcuLLl/J86Lqdzmq', NULL, NULL, NULL, 'F4kJqmWoQx', NULL, NULL, '2023-08-18 00:25:06', '2023-08-18 00:25:06'),
(8, 'Jed Beier', 'witting.brionna@example.net', '2023-08-18 00:25:06', '$2y$10$MyrFYjNHiJD4XeIhEWaCBu.w23hSktK1z61gJm7g.RKzxEmSc47pe', NULL, NULL, NULL, '3SYXEwIDKw', NULL, NULL, '2023-08-18 00:25:06', '2023-08-18 00:25:06'),
(9, 'Mrs. Ludie Koelpin IV', 'goldner.martina@example.net', '2023-08-18 00:25:06', '$2y$10$v9acHJme9KcIESPJTWVLmOoFRAoQ4lA3j1T7u7tqzP2jmuFB3TEOm', NULL, NULL, NULL, 'hiZOgBPTYp', NULL, NULL, '2023-08-18 00:25:06', '2023-08-18 00:25:06'),
(10, 'Emory Botsford Sr.', 'hazle.metz@example.net', '2023-08-18 00:25:06', '$2y$10$eD1VU0GQU/ikqt7.ytBnVerCiFQG.RTZWrckbPPxBvdDiDeneUO8S', NULL, NULL, NULL, 'kjrEI9oNwO', NULL, NULL, '2023-08-18 00:25:06', '2023-08-18 00:25:06'),
(11, 'Dr. Uriah Friesen', 'zemlak.blaise@something.net', NULL, '$2y$10$wDWaWmunaw5tkXsC9Lh/U.wV4m1/d4g/8c6KEAIAmPnPXBNE7oWSG', NULL, NULL, NULL, NULL, NULL, NULL, '2023-08-23 04:38:05', '2023-08-23 04:40:01');

--
-- Indexes for dumped tables
--

--
-- Indexes for table `countries`
--
ALTER TABLE `countries`
  ADD PRIMARY KEY (`id`);

--
-- Indexes for table `failed_jobs`
--
ALTER TABLE `failed_jobs`
  ADD PRIMARY KEY (`id`),
  ADD UNIQUE KEY `failed_jobs_uuid_unique` (`uuid`);

--
-- Indexes for table `migrations`
--
ALTER TABLE `migrations`
  ADD PRIMARY KEY (`id`);

--
-- Indexes for table `operators`
--
ALTER TABLE `operators`
  ADD PRIMARY KEY (`id`),
  ADD KEY `operators_country_id_foreign` (`country_id`);

--
-- Indexes for table `password_reset_tokens`
--
ALTER TABLE `password_reset_tokens`
  ADD PRIMARY KEY (`email`);

--
-- Indexes for table `personal_access_tokens`
--
ALTER TABLE `personal_access_tokens`
  ADD PRIMARY KEY (`id`),
  ADD UNIQUE KEY `personal_access_tokens_token_unique` (`token`),
  ADD KEY `personal_access_tokens_tokenable_type_tokenable_id_index` (`tokenable_type`,`tokenable_id`);

--
-- Indexes for table `sessions`
--
ALTER TABLE `sessions`
  ADD PRIMARY KEY (`id`),
  ADD KEY `sessions_user_id_index` (`user_id`),
  ADD KEY `sessions_last_activity_index` (`last_activity`);

--
-- Indexes for table `users`
--
ALTER TABLE `users`
  ADD PRIMARY KEY (`id`),
  ADD UNIQUE KEY `users_email_unique` (`email`);

--
-- AUTO_INCREMENT for dumped tables
--

--
-- AUTO_INCREMENT for table `countries`
--
ALTER TABLE `countries`
  MODIFY `id` bigint(20) UNSIGNED NOT NULL AUTO_INCREMENT, AUTO_INCREMENT=89;

--
-- AUTO_INCREMENT for table `failed_jobs`
--
ALTER TABLE `failed_jobs`
  MODIFY `id` bigint(20) UNSIGNED NOT NULL AUTO_INCREMENT;

--
-- AUTO_INCREMENT for table `migrations`
--
ALTER TABLE `migrations`
  MODIFY `id` int(10) UNSIGNED NOT NULL AUTO_INCREMENT, AUTO_INCREMENT=9;

--
-- AUTO_INCREMENT for table `operators`
--
ALTER TABLE `operators`
  MODIFY `id` bigint(20) UNSIGNED NOT NULL AUTO_INCREMENT, AUTO_INCREMENT=249;

--
-- AUTO_INCREMENT for table `personal_access_tokens`
--
ALTER TABLE `personal_access_tokens`
  MODIFY `id` bigint(20) UNSIGNED NOT NULL AUTO_INCREMENT;

--
-- AUTO_INCREMENT for table `users`
--
ALTER TABLE `users`
  MODIFY `id` bigint(20) UNSIGNED NOT NULL AUTO_INCREMENT, AUTO_INCREMENT=12;

--
-- Constraints for dumped tables
--

--
-- Constraints for table `operators`
--
ALTER TABLE `operators`
  ADD CONSTRAINT `operators_country_id_foreign` FOREIGN KEY (`country_id`) REFERENCES `countries` (`id`);
COMMIT;

/*!40101 SET CHARACTER_SET_CLIENT=@OLD_CHARACTER_SET_CLIENT */;
/*!40101 SET CHARACTER_SET_RESULTS=@OLD_CHARACTER_SET_RESULTS */;
/*!40101 SET COLLATION_CONNECTION=@OLD_COLLATION_CONNECTION */;
